User_ID,Age,Gender,Daily_Screen_Time(hrs),Sleep_Quality(1-10),Stress_Level(1-10),Days_Without_Social_Media,Exercise_Frequency(week),Social_Media_Platform,Happiness_Index(1-10),Cluster_KMeans,Cluster_DBSCAN
U001,44,Male,3.1,7.0,6.0,2.0,5.0,Facebook,10.0,1,-1
U002,30,Other,5.1,7.0,8.0,5.0,3.0,LinkedIn,10.0,1,-1
U003,23,Other,7.4,6.0,7.0,1.0,3.0,YouTube,6.0,0,-1
U004,36,Female,5.7,7.0,8.0,1.0,1.0,TikTok,8.0,0,-1
U005,34,Female,7.0,4.0,7.0,5.0,1.0,X (Twitter),8.0,0,-1
U006,38,Male,6.6,5.0,7.0,4.0,3.0,LinkedIn,8.0,0,-1
U007,26,Female,7.8,4.0,8.0,2.0,0.0,TikTok,7.0,0,-1
U008,26,Female,7.4,5.0,6.0,1.0,4.0,Instagram,7.0,0,-1
U009,39,Male,4.7,7.0,7.0,6.0,1.0,YouTube,9.0,1,-1
U010,39,Female,6.6,6.0,8.0,0.0,2.0,Facebook,7.0,0,-1
U011,18,Female,2.8,7.0,6.0,2.0,0.0,Instagram,7.0,1,-1
U012,37,Other,5.4,5.0,7.0,3.0,2.0,Instagram,9.0,0,-1
U013,17,Female,7.0,7.0,10.0,7.0,1.0,YouTube,8.0,0,-1
U014,39,Female,5.7,5.0,7.0,4.0,0.0,Facebook,8.0,0,-1
U015,45,Male,6.3,7.0,7.0,4.0,3.0,X (Twitter),9.0,1,-1
U016,17,Female,5.1,7.0,6.0,2.0,5.0,LinkedIn,10.0,1,-1
U017,36,Female,7.5,5.0,8.0,4.0,4.0,Facebook,7.0,0,-1
U018,48,Male,5.4,6.0,4.0,3.0,4.0,TikTok,10.0,1,-1
U019,27,Male,4.7,6.0,6.0,0.0,2.0,Instagram,9.0,1,-1
U020,37,Male,7.1,6.0,6.0,5.0,4.0,TikTok,10.0,1,-1
U021,40,Female,3.0,8.0,5.0,5.0,4.0,X (Twitter),10.0,1,-1
U022,42,Other,6.4,7.0,6.0,5.0,3.0,TikTok,10.0,1,-1
U023,43,Male,3.6,8.0,5.0,3.0,1.0,Facebook,9.0,1,-1
U024,31,Female,7.8,5.0,8.0,1.0,2.0,TikTok,7.0,0,-1
U025,30,Male,5.0,6.0,6.0,0.0,5.0,X (Twitter),8.0,1,-1
U026,18,Other,5.7,6.0,7.0,3.0,2.0,X (Twitter),8.0,0,-1
U027,22,Female,6.2,5.0,8.0,5.0,0.0,X (Twitter),6.0,0,-1
U028,36,Female,2.0,8.0,4.0,5.0,0.0,Facebook,10.0,1,-1
U029,24,Male,4.3,6.0,6.0,5.0,2.0,X (Twitter),10.0,1,-1
U030,33,Male,7.4,6.0,10.0,3.0,4.0,Instagram,8.0,0,-1
U031,19,Male,7.1,5.0,8.0,5.0,2.0,X (Twitter),9.0,0,-1
U032,40,Male,6.0,6.0,7.0,5.0,4.0,TikTok,7.0,0,-1
U033,29,Female,3.1,8.0,4.0,2.0,2.0,LinkedIn,10.0,1,-1
U034,24,Female,6.6,6.0,7.0,4.0,0.0,TikTok,7.0,0,-1
U035,41,Other,6.8,8.0,7.0,2.0,2.0,LinkedIn,9.0,1,-1
U036,17,Other,5.6,6.0,7.0,4.0,3.0,TikTok,7.0,0,-1
U037,35,Female,7.7,4.0,8.0,0.0,3.0,Facebook,8.0,0,-1
U038,43,Female,4.3,8.0,4.0,1.0,1.0,TikTok,10.0,1,-1
U039,22,Other,4.6,4.0,6.0,5.0,2.0,Facebook,9.0,1,-1
U040,23,Female,1.0,9.0,5.0,5.0,7.0,Facebook,10.0,1,-1
U041,29,Male,7.2,5.0,7.0,4.0,1.0,X (Twitter),10.0,0,-1
U042,32,Male,6.1,5.0,6.0,3.0,3.0,Instagram,7.0,0,-1
U043,19,Male,2.5,9.0,3.0,0.0,0.0,LinkedIn,10.0,1,-1
U044,17,Other,2.3,9.0,3.0,3.0,4.0,X (Twitter),10.0,1,-1
U045,21,Female,3.9,6.0,6.0,4.0,1.0,X (Twitter),8.0,1,-1
U046,19,Male,6.9,5.0,7.0,2.0,3.0,Facebook,9.0,0,-1
U047,44,Female,5.0,4.0,7.0,2.0,1.0,Facebook,8.0,0,-1
U048,33,Female,4.1,8.0,7.0,6.0,3.0,LinkedIn,9.0,1,-1
U049,41,Male,3.7,8.0,6.0,3.0,1.0,TikTok,9.0,1,-1
U050,49,Male,3.6,7.0,5.0,4.0,1.0,TikTok,9.0,1,-1
U051,25,Female,2.0,9.0,4.0,5.0,3.0,X (Twitter),10.0,1,-1
U052,29,Female,3.3,7.0,5.0,1.0,2.0,YouTube,10.0,1,-1
U053,46,Female,3.6,7.0,5.0,3.0,3.0,YouTube,10.0,1,-1
U054,30,Female,6.7,6.0,8.0,6.0,2.0,TikTok,7.0,0,-1
U055,23,Female,5.2,6.0,6.0,7.0,3.0,YouTube,8.0,1,-1
U056,29,Female,4.0,7.0,3.0,3.0,3.0,TikTok,10.0,1,-1
U057,38,Female,9.7,3.0,9.0,3.0,2.0,Facebook,4.0,0,-1
U058,36,Female,4.3,7.0,6.0,4.0,1.0,X (Twitter),9.0,1,-1
U059,31,Male,7.6,5.0,10.0,3.0,2.0,Instagram,6.0,0,-1
U060,33,Male,8.4,4.0,8.0,6.0,4.0,X (Twitter),7.0,0,-1
U061,39,Male,2.7,9.0,5.0,1.0,3.0,TikTok,10.0,1,-1
U062,41,Female,5.6,6.0,7.0,2.0,1.0,TikTok,9.0,0,-1
U063,40,Female,4.6,7.0,7.0,1.0,3.0,X (Twitter),10.0,1,-1
U064,44,Female,4.4,6.0,7.0,1.0,3.0,LinkedIn,9.0,1,-1
U065,30,Male,6.5,4.0,9.0,4.0,3.0,TikTok,5.0,0,-1
U066,16,Male,4.4,8.0,4.0,5.0,1.0,YouTube,10.0,1,-1
U067,40,Male,4.6,7.0,6.0,2.0,1.0,YouTube,10.0,1,-1
U068,22,Male,5.2,9.0,7.0,5.0,1.0,TikTok,10.0,1,-1
U069,24,Female,4.8,6.0,7.0,5.0,2.0,TikTok,7.0,0,-1
U070,39,Male,3.4,8.0,6.0,7.0,3.0,LinkedIn,10.0,1,-1
U071,16,Male,6.9,5.0,8.0,3.0,3.0,YouTube,5.0,0,-1
U072,23,Female,7.4,6.0,7.0,2.0,3.0,TikTok,8.0,0,-1
U073,39,Male,6.1,5.0,5.0,1.0,5.0,TikTok,10.0,1,-1
U074,26,Female,4.8,6.0,6.0,1.0,4.0,LinkedIn,8.0,1,-1
U075,32,Female,4.2,8.0,8.0,5.0,2.0,LinkedIn,8.0,1,-1
U076,23,Male,4.2,7.0,5.0,0.0,1.0,X (Twitter),10.0,1,-1
U077,48,Female,9.7,4.0,8.0,5.0,1.0,LinkedIn,5.0,0,-1
U078,20,Female,7.2,6.0,9.0,1.0,2.0,Instagram,6.0,0,-1
U079,43,Other,4.0,7.0,7.0,2.0,4.0,YouTube,9.0,1,-1
U080,22,Male,5.8,6.0,8.0,3.0,2.0,X (Twitter),7.0,0,-1
U081,24,Female,4.8,6.0,7.0,2.0,2.0,Instagram,8.0,0,-1
U082,23,Female,6.6,6.0,8.0,5.0,1.0,TikTok,8.0,0,-1
U083,27,Male,6.5,7.0,9.0,7.0,2.0,TikTok,8.0,0,-1
U084,49,Male,7.5,4.0,7.0,2.0,4.0,X (Twitter),8.0,0,-1
U085,48,Other,4.0,7.0,5.0,2.0,5.0,LinkedIn,10.0,1,-1
U086,38,Female,5.7,5.0,6.0,3.0,2.0,TikTok,9.0,0,-1
U087,39,Male,2.4,7.0,4.0,4.0,2.0,Facebook,10.0,1,-1
U088,37,Female,3.2,8.0,7.0,3.0,1.0,X (Twitter),10.0,1,-1
U089,42,Male,7.1,3.0,8.0,6.0,5.0,Instagram,6.0,0,-1
U090,16,Male,3.8,10.0,6.0,5.0,0.0,X (Twitter),10.0,1,-1
U091,29,Male,4.0,6.0,4.0,1.0,4.0,YouTube,9.0,1,-1
U092,18,Male,5.5,6.0,6.0,4.0,2.0,LinkedIn,9.0,1,-1
U093,16,Male,6.8,7.0,6.0,6.0,2.0,LinkedIn,9.0,1,-1
U094,20,Male,3.6,7.0,7.0,2.0,1.0,X (Twitter),8.0,1,-1
U095,41,Female,1.0,7.0,5.0,2.0,6.0,TikTok,10.0,1,-1
U096,29,Male,3.9,7.0,6.0,2.0,3.0,TikTok,10.0,1,-1
U097,42,Male,7.7,4.0,7.0,2.0,3.0,Facebook,8.0,0,-1
U098,24,Female,6.1,4.0,9.0,0.0,4.0,Facebook,6.0,0,-1
U099,30,Female,7.9,5.0,8.0,0.0,2.0,LinkedIn,8.0,0,-1
U100,30,Female,3.5,8.0,4.0,3.0,3.0,Facebook,10.0,1,-1
U101,41,Male,2.5,9.0,4.0,6.0,3.0,Instagram,10.0,1,-1
U102,28,Male,6.3,5.0,7.0,2.0,2.0,Facebook,7.0,0,-1
U103,47,Male,5.9,4.0,7.0,2.0,4.0,Instagram,7.0,0,-1
U104,47,Male,6.0,6.0,7.0,6.0,2.0,Facebook,9.0,0,-1
U105,19,Male,7.2,5.0,6.0,1.0,0.0,LinkedIn,9.0,0,-1
U106,45,Male,6.3,7.0,8.0,0.0,2.0,LinkedIn,6.0,0,-1
U107,38,Male,6.2,7.0,7.0,1.0,3.0,Instagram,9.0,1,-1
U108,30,Male,6.8,7.0,7.0,2.0,1.0,X (Twitter),10.0,1,-1
U109,44,Male,6.4,6.0,8.0,0.0,1.0,LinkedIn,7.0,0,-1
U110,28,Male,7.0,6.0,6.0,3.0,2.0,X (Twitter),8.0,0,-1
U111,47,Male,7.3,4.0,6.0,5.0,4.0,TikTok,8.0,0,-1
U112,22,Female,8.3,5.0,10.0,0.0,2.0,Instagram,6.0,0,-1
U113,37,Female,4.3,6.0,8.0,3.0,5.0,LinkedIn,9.0,1,-1
U114,43,Male,6.4,6.0,7.0,4.0,2.0,YouTube,7.0,0,-1
U115,17,Female,4.8,7.0,6.0,3.0,3.0,TikTok,10.0,1,-1
U116,21,Female,4.0,9.0,5.0,3.0,2.0,X (Twitter),10.0,1,-1
U117,43,Male,4.3,7.0,6.0,3.0,4.0,LinkedIn,9.0,1,-1
U118,43,Female,6.4,6.0,7.0,1.0,1.0,Instagram,9.0,0,-1
U119,35,Female,6.3,6.0,7.0,6.0,4.0,Facebook,9.0,0,-1
U120,45,Male,6.2,5.0,8.0,5.0,3.0,YouTube,8.0,0,-1
U121,26,Male,5.1,6.0,5.0,5.0,2.0,X (Twitter),9.0,1,-1
U122,43,Female,5.5,8.0,6.0,5.0,2.0,TikTok,10.0,1,-1
U123,40,Female,7.0,4.0,6.0,0.0,5.0,Instagram,8.0,0,-1
U124,48,Male,2.8,7.0,5.0,5.0,3.0,YouTube,10.0,1,-1
U125,16,Male,5.5,7.0,7.0,4.0,1.0,Instagram,9.0,1,-1
U126,42,Male,5.7,7.0,7.0,0.0,1.0,LinkedIn,9.0,1,-1
U127,28,Female,6.9,5.0,8.0,3.0,3.0,Facebook,8.0,0,-1
U128,18,Female,3.1,7.0,6.0,4.0,3.0,TikTok,9.0,1,-1
U129,21,Male,8.2,5.0,7.0,6.0,4.0,Instagram,7.0,0,-1
U130,23,Male,5.9,5.0,5.0,4.0,0.0,X (Twitter),9.0,1,-1
U131,42,Female,6.0,5.0,8.0,1.0,1.0,LinkedIn,7.0,0,-1
U132,24,Male,4.8,8.0,4.0,6.0,4.0,LinkedIn,10.0,1,-1
U133,48,Male,6.5,6.0,8.0,3.0,3.0,TikTok,8.0,0,-1
U134,39,Female,5.6,8.0,6.0,2.0,3.0,LinkedIn,9.0,1,-1
U135,30,Female,7.7,4.0,10.0,2.0,1.0,X (Twitter),8.0,0,-1
U136,47,Female,2.9,8.0,5.0,0.0,1.0,Instagram,10.0,1,-1
U137,47,Female,5.8,6.0,7.0,3.0,4.0,TikTok,10.0,1,-1
U138,39,Male,6.2,5.0,8.0,4.0,4.0,LinkedIn,7.0,0,-1
U139,27,Male,5.2,7.0,5.0,2.0,1.0,LinkedIn,10.0,1,-1
U140,17,Female,4.8,8.0,5.0,4.0,1.0,X (Twitter),10.0,1,-1
U141,18,Male,4.8,6.0,5.0,1.0,2.0,Facebook,10.0,1,-1
U142,32,Male,5.8,6.0,6.0,3.0,1.0,Facebook,10.0,1,-1
U143,17,Male,2.2,10.0,5.0,4.0,1.0,LinkedIn,10.0,1,-1
U144,17,Male,7.2,7.0,8.0,3.0,1.0,Instagram,8.0,0,-1
U145,43,Male,4.6,8.0,7.0,0.0,2.0,TikTok,9.0,1,-1
U146,38,Male,5.7,7.0,5.0,2.0,1.0,LinkedIn,10.0,1,-1
U147,47,Male,6.2,5.0,7.0,6.0,1.0,YouTube,9.0,0,-1
U148,48,Male,4.6,7.0,5.0,2.0,3.0,TikTok,10.0,1,-1
U149,16,Female,5.3,7.0,6.0,3.0,2.0,Facebook,10.0,1,-1
U150,34,Female,1.8,9.0,7.0,3.0,3.0,LinkedIn,10.0,1,-1
U151,17,Female,6.8,5.0,8.0,6.0,0.0,X (Twitter),6.0,0,-1
U152,41,Female,7.4,4.0,9.0,6.0,3.0,YouTube,5.0,0,-1
U153,47,Female,2.4,7.0,7.0,5.0,6.0,LinkedIn,9.0,1,-1
U154,21,Male,4.8,5.0,7.0,1.0,2.0,Instagram,8.0,0,-1
U155,47,Female,3.3,8.0,5.0,4.0,4.0,YouTube,10.0,1,-1
U156,19,Female,5.2,7.0,5.0,4.0,4.0,LinkedIn,10.0,1,-1
U157,26,Female,6.7,5.0,7.0,2.0,4.0,Instagram,8.0,0,-1
U158,32,Male,7.3,5.0,7.0,1.0,3.0,YouTube,8.0,0,-1
U159,39,Male,7.5,5.0,6.0,6.0,3.0,Instagram,7.0,0,-1
U160,20,Male,7.9,5.0,9.0,2.0,4.0,Instagram,5.0,0,-1
U161,49,Male,5.1,5.0,7.0,6.0,3.0,YouTube,8.0,0,-1
U162,21,Female,3.4,9.0,7.0,5.0,1.0,YouTube,8.0,1,-1
U163,37,Female,5.3,7.0,6.0,4.0,0.0,Instagram,10.0,1,-1
U164,26,Male,6.6,6.0,8.0,4.0,0.0,Facebook,8.0,0,-1
U165,31,Other,3.3,9.0,5.0,0.0,2.0,YouTube,10.0,1,-1
U166,48,Female,8.5,4.0,10.0,3.0,3.0,LinkedIn,8.0,0,-1
U167,24,Male,7.1,6.0,8.0,6.0,1.0,TikTok,7.0,0,-1
U168,21,Male,5.1,6.0,5.0,4.0,4.0,X (Twitter),10.0,1,-1
U169,31,Male,4.2,8.0,6.0,3.0,2.0,Instagram,10.0,1,-1
U170,44,Male,4.3,8.0,6.0,6.0,2.0,Instagram,10.0,1,-1
U171,18,Male,5.6,5.0,7.0,3.0,1.0,X (Twitter),6.0,0,-1
U172,35,Male,5.1,7.0,7.0,2.0,0.0,Facebook,7.0,0,-1
U173,34,Male,7.2,6.0,6.0,3.0,3.0,X (Twitter),8.0,0,-1
U174,41,Male,4.9,7.0,5.0,5.0,5.0,YouTube,10.0,1,-1
U175,18,Female,6.4,6.0,8.0,0.0,2.0,X (Twitter),8.0,0,-1
U176,34,Male,5.4,6.0,6.0,4.0,0.0,Instagram,10.0,1,-1
U177,35,Female,6.0,7.0,7.0,5.0,4.0,X (Twitter),8.0,0,-1
U178,47,Male,5.1,7.0,4.0,2.0,0.0,TikTok,9.0,1,-1
U179,22,Other,6.8,5.0,10.0,5.0,1.0,LinkedIn,7.0,0,-1
U180,48,Male,6.8,4.0,7.0,4.0,2.0,YouTube,7.0,0,-1
U181,33,Male,6.3,6.0,8.0,7.0,3.0,X (Twitter),6.0,0,-1
U182,16,Other,6.6,6.0,7.0,1.0,1.0,Instagram,8.0,0,-1
U183,26,Female,3.8,10.0,6.0,5.0,2.0,LinkedIn,10.0,1,-1
U184,43,Female,6.1,7.0,9.0,1.0,4.0,YouTube,7.0,0,-1
U185,40,Male,7.7,3.0,9.0,0.0,4.0,Instagram,5.0,0,-1
U186,38,Male,6.4,6.0,7.0,0.0,4.0,Facebook,8.0,0,-1
U187,46,Female,3.6,9.0,5.0,4.0,5.0,TikTok,10.0,1,-1
U188,45,Female,5.4,7.0,8.0,3.0,4.0,Facebook,7.0,0,-1
U189,22,Female,6.2,6.0,9.0,2.0,2.0,TikTok,6.0,0,-1
U190,31,Female,4.1,8.0,6.0,0.0,4.0,X (Twitter),10.0,1,-1
U191,41,Male,3.1,7.0,7.0,2.0,3.0,YouTube,9.0,1,-1
U192,17,Female,4.9,7.0,6.0,3.0,3.0,X (Twitter),10.0,1,-1
U193,16,Male,4.2,7.0,7.0,5.0,3.0,TikTok,8.0,1,-1
U194,27,Male,5.5,6.0,8.0,3.0,1.0,TikTok,7.0,0,-1
U195,20,Male,2.6,9.0,4.0,4.0,1.0,TikTok,10.0,1,-1
U196,47,Female,6.5,5.0,7.0,2.0,2.0,LinkedIn,8.0,0,-1
U197,24,Male,4.4,8.0,7.0,6.0,3.0,Instagram,10.0,1,-1
U198,34,Male,7.3,5.0,7.0,1.0,1.0,YouTube,6.0,0,-1
U199,31,Female,5.0,7.0,5.0,2.0,3.0,X (Twitter),10.0,1,-1
U200,18,Male,5.5,5.0,6.0,2.0,6.0,X (Twitter),9.0,1,-1
U201,35,Female,5.2,7.0,6.0,4.0,0.0,Facebook,10.0,1,-1
U202,39,Male,4.3,9.0,7.0,1.0,3.0,TikTok,9.0,1,-1
U203,48,Female,10.0,3.0,10.0,3.0,2.0,TikTok,4.0,0,-1
U204,39,Female,4.6,6.0,7.0,3.0,3.0,TikTok,6.0,0,-1
U205,26,Male,7.3,5.0,8.0,2.0,2.0,X (Twitter),7.0,0,-1
U206,23,Male,3.5,9.0,5.0,4.0,2.0,Facebook,10.0,1,-1
U207,35,Male,6.2,4.0,8.0,1.0,3.0,Instagram,7.0,0,-1
U208,40,Male,6.4,5.0,8.0,1.0,2.0,LinkedIn,7.0,0,-1
U209,40,Other,5.5,6.0,7.0,3.0,0.0,YouTube,9.0,0,-1
U210,44,Male,4.5,6.0,6.0,0.0,2.0,Instagram,9.0,1,-1
U211,33,Female,5.0,6.0,6.0,0.0,0.0,X (Twitter),8.0,1,-1
U212,33,Male,4.8,5.0,6.0,4.0,3.0,LinkedIn,9.0,1,-1
U213,17,Female,9.8,4.0,9.0,5.0,0.0,LinkedIn,6.0,0,-1
U214,31,Female,5.5,7.0,7.0,2.0,4.0,LinkedIn,9.0,1,-1
U215,48,Female,6.4,4.0,6.0,2.0,3.0,TikTok,7.0,0,-1
U216,19,Female,8.7,6.0,7.0,5.0,3.0,YouTube,10.0,0,-1
U217,48,Male,3.9,9.0,5.0,1.0,0.0,X (Twitter),10.0,1,-1
U218,29,Male,5.6,6.0,6.0,0.0,2.0,X (Twitter),8.0,0,-1
U219,36,Female,5.0,8.0,6.0,4.0,4.0,LinkedIn,10.0,1,-1
U220,35,Female,5.3,6.0,6.0,3.0,2.0,X (Twitter),9.0,1,-1
U221,23,Other,5.2,7.0,6.0,5.0,1.0,YouTube,9.0,1,-1
U222,22,Male,4.2,6.0,6.0,0.0,2.0,YouTube,8.0,1,-1
U223,18,Female,5.9,8.0,6.0,0.0,2.0,Facebook,8.0,1,-1
U224,32,Female,3.6,7.0,5.0,3.0,1.0,Facebook,10.0,1,-1
U225,48,Male,7.3,5.0,9.0,4.0,4.0,Instagram,5.0,0,-1
U226,27,Male,6.6,5.0,7.0,5.0,2.0,YouTube,7.0,0,-1
U227,37,Female,4.6,9.0,6.0,3.0,2.0,YouTube,8.0,1,-1
U228,37,Female,4.7,9.0,6.0,3.0,1.0,YouTube,10.0,1,-1
U229,45,Female,6.0,8.0,7.0,2.0,3.0,Facebook,9.0,1,-1
U230,23,Male,4.1,8.0,5.0,6.0,3.0,LinkedIn,10.0,1,-1
U231,42,Female,8.8,4.0,8.0,1.0,1.0,LinkedIn,6.0,0,-1
U232,42,Male,6.1,7.0,6.0,4.0,0.0,X (Twitter),8.0,1,-1
U233,49,Male,6.2,6.0,8.0,1.0,3.0,LinkedIn,8.0,0,-1
U234,36,Male,6.7,7.0,7.0,4.0,2.0,TikTok,8.0,0,-1
U235,45,Female,4.5,8.0,6.0,1.0,3.0,Facebook,10.0,1,-1
U236,48,Female,7.5,4.0,9.0,4.0,5.0,YouTube,5.0,0,-1
U237,43,Female,5.7,7.0,7.0,3.0,2.0,LinkedIn,9.0,1,-1
U238,48,Male,7.2,6.0,8.0,6.0,2.0,Facebook,9.0,0,-1
U239,20,Female,5.1,4.0,5.0,2.0,1.0,LinkedIn,9.0,1,-1
U240,34,Male,7.9,6.0,8.0,4.0,2.0,Instagram,7.0,0,-1
U241,19,Female,6.2,5.0,7.0,1.0,3.0,YouTube,8.0,0,-1
U242,32,Male,9.4,3.0,9.0,2.0,3.0,Instagram,5.0,0,-1
U243,43,Male,4.8,6.0,5.0,3.0,5.0,YouTube,10.0,1,-1
U244,45,Male,5.9,6.0,8.0,0.0,3.0,Facebook,7.0,0,-1
U245,44,Male,3.6,8.0,5.0,0.0,2.0,X (Twitter),10.0,1,-1
U246,21,Female,4.5,6.0,6.0,4.0,1.0,LinkedIn,9.0,1,-1
U247,39,Female,6.6,6.0,7.0,3.0,3.0,LinkedIn,7.0,0,-1
U248,44,Male,7.5,6.0,9.0,2.0,1.0,TikTok,6.0,0,-1
U249,46,Female,10.8,5.0,10.0,2.0,3.0,Instagram,4.0,0,-1
U250,48,Male,5.3,5.0,5.0,2.0,3.0,LinkedIn,8.0,1,-1
U251,36,Female,3.8,7.0,5.0,3.0,2.0,Facebook,9.0,1,-1
U252,47,Female,6.9,6.0,8.0,4.0,2.0,X (Twitter),8.0,0,-1
U253,38,Female,3.5,9.0,4.0,0.0,0.0,Facebook,10.0,1,-1
U254,48,Male,6.5,5.0,8.0,6.0,4.0,Instagram,8.0,0,-1
U255,18,Female,4.6,8.0,7.0,6.0,3.0,TikTok,9.0,1,-1
U256,33,Female,5.9,4.0,7.0,0.0,3.0,LinkedIn,5.0,0,-1
U257,40,Male,7.5,4.0,8.0,5.0,0.0,Facebook,7.0,0,-1
U258,46,Male,5.3,7.0,8.0,5.0,5.0,YouTube,9.0,1,-1
U259,18,Female,7.2,4.0,7.0,3.0,2.0,X (Twitter),6.0,0,-1
U260,39,Female,7.1,4.0,8.0,0.0,2.0,Facebook,7.0,0,-1
U261,47,Female,2.1,8.0,4.0,5.0,1.0,X (Twitter),10.0,1,-1
U262,37,Female,3.9,8.0,6.0,3.0,0.0,LinkedIn,10.0,1,-1
U263,38,Female,2.7,6.0,3.0,4.0,4.0,YouTube,10.0,1,-1
U264,17,Male,9.1,4.0,9.0,7.0,4.0,TikTok,4.0,0,-1
U265,42,Male,5.3,7.0,7.0,4.0,2.0,TikTok,8.0,1,-1
U266,17,Male,8.7,4.0,8.0,1.0,1.0,YouTube,7.0,0,-1
U267,41,Female,2.6,8.0,4.0,2.0,2.0,X (Twitter),10.0,1,-1
U268,32,Male,4.5,7.0,6.0,1.0,2.0,LinkedIn,8.0,1,-1
U269,48,Female,6.9,5.0,9.0,4.0,1.0,Facebook,6.0,0,-1
U270,24,Female,5.8,8.0,6.0,1.0,2.0,YouTube,10.0,1,-1
U271,44,Female,6.5,5.0,6.0,2.0,3.0,Instagram,8.0,0,-1
U272,41,Male,3.2,8.0,6.0,0.0,4.0,X (Twitter),10.0,1,-1
U273,40,Female,8.0,5.0,8.0,3.0,3.0,TikTok,6.0,0,-1
U274,39,Male,6.9,5.0,7.0,3.0,0.0,YouTube,9.0,0,-1
U275,28,Female,6.2,3.0,8.0,0.0,3.0,TikTok,5.0,0,-1
U276,22,Male,4.3,7.0,5.0,4.0,2.0,X (Twitter),10.0,1,-1
U277,35,Male,6.1,7.0,8.0,3.0,5.0,TikTok,9.0,0,-1
U278,16,Female,5.0,7.0,6.0,1.0,5.0,YouTube,10.0,1,-1
U279,23,Male,2.5,9.0,5.0,7.0,5.0,X (Twitter),10.0,1,-1
U280,31,Male,5.4,5.0,8.0,5.0,2.0,Instagram,7.0,0,-1
U281,29,Female,5.2,7.0,6.0,1.0,5.0,YouTube,10.0,1,-1
U282,27,Female,7.4,4.0,9.0,5.0,3.0,Facebook,5.0,0,-1
U283,38,Female,1.5,9.0,4.0,5.0,5.0,LinkedIn,10.0,1,-1
U284,30,Female,5.9,6.0,9.0,3.0,2.0,YouTube,7.0,0,-1
U285,43,Female,3.4,7.0,7.0,4.0,2.0,X (Twitter),10.0,1,-1
U286,49,Male,6.1,5.0,6.0,4.0,3.0,LinkedIn,9.0,0,-1
U287,17,Male,6.2,6.0,8.0,0.0,3.0,YouTube,7.0,0,-1
U288,47,Male,5.3,6.0,6.0,3.0,4.0,Instagram,9.0,1,-1
U289,38,Female,7.0,4.0,8.0,3.0,2.0,Instagram,6.0,0,-1
U290,37,Female,3.3,7.0,5.0,6.0,4.0,Facebook,9.0,1,-1
U291,40,Male,7.5,5.0,7.0,4.0,4.0,TikTok,9.0,0,-1
U292,37,Male,4.2,9.0,7.0,2.0,2.0,LinkedIn,8.0,1,-1
U293,37,Other,2.7,8.0,5.0,3.0,3.0,X (Twitter),10.0,1,-1
U294,21,Male,5.0,7.0,6.0,5.0,2.0,X (Twitter),10.0,1,-1
U295,30,Female,1.7,9.0,4.0,3.0,6.0,TikTok,10.0,1,-1
U296,48,Female,6.0,5.0,7.0,2.0,0.0,Instagram,7.0,0,-1
U297,23,Female,5.0,5.0,7.0,2.0,4.0,Instagram,8.0,0,-1
U298,20,Male,7.7,4.0,8.0,5.0,0.0,YouTube,5.0,0,-1
U299,19,Female,6.7,6.0,5.0,4.0,2.0,Facebook,9.0,1,-1
U300,21,Female,3.0,8.0,5.0,3.0,2.0,LinkedIn,10.0,1,-1
U301,47,Female,4.0,8.0,4.0,3.0,5.0,Facebook,10.0,1,-1
U302,45,Female,6.4,6.0,7.0,2.0,1.0,Facebook,7.0,0,-1
U303,31,Female,7.0,5.0,6.0,3.0,4.0,YouTube,8.0,0,-1
U304,28,Female,7.7,4.0,7.0,2.0,1.0,Facebook,7.0,0,-1
U305,45,Male,7.7,6.0,9.0,2.0,5.0,TikTok,6.0,0,-1
U306,34,Female,5.3,6.0,6.0,6.0,2.0,YouTube,10.0,1,-1
U307,32,Female,6.2,5.0,7.0,1.0,3.0,TikTok,7.0,0,-1
U308,34,Male,7.8,5.0,9.0,2.0,2.0,YouTube,6.0,0,-1
U309,43,Female,5.0,5.0,6.0,0.0,4.0,Facebook,8.0,0,-1
U310,41,Female,6.2,8.0,9.0,0.0,4.0,TikTok,7.0,0,-1
U311,41,Female,4.9,7.0,6.0,3.0,3.0,TikTok,9.0,1,-1
U312,38,Male,4.5,7.0,6.0,2.0,1.0,TikTok,9.0,1,-1
U313,24,Male,5.6,5.0,8.0,7.0,1.0,YouTube,7.0,0,-1
U314,27,Other,4.3,7.0,7.0,2.0,1.0,X (Twitter),8.0,1,-1
U315,16,Female,5.3,6.0,6.0,6.0,0.0,Facebook,9.0,1,-1
U316,16,Male,3.6,7.0,5.0,5.0,4.0,TikTok,10.0,1,-1
U317,49,Female,5.2,7.0,8.0,3.0,2.0,LinkedIn,8.0,0,-1
U318,47,Female,6.3,5.0,8.0,7.0,2.0,X (Twitter),8.0,0,-1
U319,40,Female,4.4,8.0,7.0,4.0,5.0,LinkedIn,8.0,1,-1
U320,16,Female,5.5,9.0,5.0,6.0,2.0,Facebook,10.0,1,-1
U321,31,Male,5.8,6.0,8.0,6.0,1.0,Facebook,7.0,0,-1
U322,20,Male,6.3,6.0,6.0,4.0,2.0,TikTok,8.0,0,-1
U323,37,Male,5.3,7.0,7.0,5.0,1.0,TikTok,8.0,1,-1
U324,44,Female,7.5,7.0,8.0,4.0,3.0,YouTube,9.0,0,-1
U325,18,Male,1.7,9.0,3.0,1.0,2.0,X (Twitter),10.0,1,-1
U326,27,Male,10.8,2.0,9.0,3.0,2.0,X (Twitter),5.0,0,-1
U327,41,Male,3.9,6.0,4.0,5.0,2.0,TikTok,9.0,1,-1
U328,31,Female,6.2,6.0,7.0,6.0,2.0,Facebook,8.0,0,-1
U329,37,Female,3.8,7.0,4.0,2.0,3.0,TikTok,10.0,1,-1
U330,44,Male,6.7,8.0,6.0,4.0,2.0,Facebook,10.0,1,-1
U331,29,Male,6.0,8.0,7.0,3.0,2.0,Facebook,7.0,0,-1
U332,43,Female,4.3,6.0,3.0,3.0,2.0,TikTok,10.0,1,-1
U333,20,Male,7.4,4.0,9.0,4.0,2.0,Instagram,6.0,0,-1
U334,45,Male,5.2,7.0,4.0,3.0,3.0,X (Twitter),10.0,1,-1
U335,20,Male,6.5,7.0,7.0,4.0,1.0,LinkedIn,7.0,0,-1
U336,27,Male,3.8,8.0,6.0,6.0,4.0,Facebook,10.0,1,-1
U337,31,Male,5.4,6.0,7.0,5.0,3.0,Facebook,8.0,0,-1
U338,41,Female,9.1,4.0,9.0,4.0,2.0,Instagram,7.0,0,-1
U339,41,Male,7.2,5.0,10.0,7.0,3.0,LinkedIn,7.0,0,-1
U340,36,Female,6.1,7.0,7.0,5.0,2.0,YouTube,9.0,1,-1
U341,48,Male,4.7,6.0,7.0,3.0,0.0,Instagram,8.0,0,-1
U342,45,Female,5.6,6.0,6.0,1.0,3.0,LinkedIn,7.0,0,-1
U343,38,Female,5.9,7.0,7.0,1.0,1.0,Instagram,8.0,0,-1
U344,25,Male,6.3,5.0,9.0,5.0,4.0,Facebook,8.0,0,-1
U345,20,Female,3.6,6.0,5.0,2.0,2.0,X (Twitter),10.0,1,-1
U346,49,Male,6.7,6.0,8.0,1.0,4.0,Instagram,8.0,0,-1
U347,46,Other,3.5,7.0,6.0,1.0,2.0,YouTube,10.0,1,-1
U348,25,Male,8.4,5.0,8.0,2.0,3.0,TikTok,8.0,0,-1
U349,34,Male,4.1,8.0,4.0,5.0,4.0,LinkedIn,10.0,1,-1
U350,47,Male,6.0,6.0,7.0,3.0,2.0,Instagram,8.0,0,-1
U351,16,Other,7.3,5.0,9.0,0.0,2.0,Instagram,8.0,0,-1
U352,20,Female,5.0,6.0,5.0,3.0,3.0,YouTube,9.0,1,-1
U353,19,Female,6.1,6.0,8.0,3.0,3.0,X (Twitter),9.0,0,-1
U354,31,Male,8.1,5.0,9.0,2.0,2.0,Instagram,6.0,0,-1
U355,39,Female,6.5,5.0,5.0,5.0,0.0,Instagram,10.0,1,-1
U356,31,Male,6.1,6.0,6.0,2.0,2.0,X (Twitter),8.0,0,-1
U357,17,Female,2.5,9.0,4.0,5.0,4.0,YouTube,10.0,1,-1
U358,43,Male,3.8,8.0,5.0,4.0,1.0,LinkedIn,10.0,1,-1
U359,47,Male,7.4,6.0,7.0,5.0,2.0,LinkedIn,7.0,0,-1
U360,42,Male,6.5,5.0,7.0,1.0,2.0,Instagram,8.0,0,-1
U361,35,Female,6.8,4.0,9.0,3.0,0.0,X (Twitter),7.0,0,-1
U362,39,Female,6.6,6.0,7.0,3.0,1.0,Instagram,7.0,0,-1
U363,27,Male,7.8,5.0,8.0,0.0,4.0,TikTok,6.0,0,-1
U364,48,Female,5.0,8.0,6.0,5.0,0.0,LinkedIn,10.0,1,-1
U365,48,Male,5.7,7.0,7.0,1.0,3.0,Facebook,9.0,1,-1
U366,27,Female,3.6,8.0,5.0,2.0,1.0,TikTok,10.0,1,-1
U367,18,Male,3.2,9.0,5.0,1.0,3.0,Instagram,10.0,1,-1
U368,16,Male,2.5,8.0,4.0,4.0,4.0,YouTube,10.0,1,-1
U369,48,Female,3.9,6.0,5.0,0.0,2.0,LinkedIn,10.0,1,-1
U370,25,Male,8.3,5.0,8.0,4.0,2.0,Facebook,7.0,0,-1
U371,44,Male,2.7,9.0,5.0,5.0,1.0,TikTok,10.0,1,-1
U372,28,Female,5.0,7.0,5.0,4.0,0.0,LinkedIn,9.0,1,-1
U373,27,Other,3.2,9.0,6.0,4.0,5.0,X (Twitter),10.0,1,-1
U374,46,Male,4.4,7.0,7.0,5.0,1.0,YouTube,8.0,1,-1
U375,17,Male,5.8,6.0,7.0,1.0,5.0,TikTok,9.0,1,-1
U376,38,Female,4.2,8.0,5.0,6.0,1.0,X (Twitter),10.0,1,-1
U377,32,Male,7.5,4.0,7.0,2.0,3.0,Instagram,6.0,0,-1
U378,41,Male,8.3,4.0,10.0,3.0,1.0,X (Twitter),6.0,0,-1
U379,23,Male,1.5,9.0,3.0,2.0,3.0,TikTok,10.0,1,-1
U380,44,Female,4.3,8.0,7.0,4.0,2.0,TikTok,10.0,1,-1
U381,41,Female,5.6,6.0,7.0,2.0,2.0,Instagram,9.0,0,-1
U382,25,Male,7.5,4.0,8.0,3.0,3.0,X (Twitter),7.0,0,-1
U383,41,Male,4.7,6.0,6.0,1.0,2.0,X (Twitter),9.0,1,-1
U384,49,Male,5.5,7.0,5.0,5.0,0.0,Instagram,10.0,1,-1
U385,22,Female,3.4,8.0,6.0,4.0,4.0,X (Twitter),10.0,1,-1
U386,19,Male,2.7,8.0,5.0,2.0,1.0,LinkedIn,9.0,1,-1
U387,26,Male,8.1,5.0,7.0,2.0,3.0,Instagram,7.0,0,-1
U388,44,Female,2.2,9.0,4.0,4.0,4.0,YouTube,10.0,1,-1
U389,40,Male,9.7,4.0,10.0,2.0,2.0,TikTok,6.0,0,-1
U390,36,Female,6.8,5.0,8.0,3.0,4.0,YouTube,8.0,0,-1
U391,25,Male,6.7,7.0,7.0,5.0,3.0,LinkedIn,8.0,0,-1
U392,24,Male,6.5,7.0,6.0,1.0,1.0,LinkedIn,7.0,0,-1
U393,39,Male,5.0,5.0,6.0,4.0,5.0,Facebook,8.0,0,-1
U394,33,Female,6.2,6.0,7.0,4.0,1.0,Facebook,9.0,0,-1
U395,47,Female,5.2,7.0,7.0,3.0,2.0,Facebook,9.0,1,-1
U396,39,Female,6.5,5.0,7.0,2.0,2.0,Instagram,8.0,0,-1
U397,38,Male,5.4,8.0,9.0,5.0,3.0,X (Twitter),8.0,0,-1
U398,47,Female,3.8,8.0,4.0,2.0,4.0,LinkedIn,10.0,1,-1
U399,27,Male,3.9,7.0,5.0,0.0,4.0,YouTube,10.0,1,-1
U400,28,Male,3.7,8.0,5.0,4.0,3.0,YouTube,10.0,1,-1
U401,38,Female,7.2,5.0,8.0,1.0,2.0,YouTube,9.0,0,-1
U402,40,Male,4.4,7.0,5.0,4.0,0.0,YouTube,10.0,1,-1
U403,45,Male,2.1,10.0,5.0,6.0,1.0,Facebook,10.0,1,-1
U404,32,Male,6.2,6.0,8.0,4.0,5.0,YouTube,7.0,0,-1
U405,35,Male,8.2,4.0,9.0,5.0,0.0,X (Twitter),6.0,0,-1
U406,40,Male,6.9,3.0,8.0,7.0,1.0,Facebook,6.0,0,-1
U407,37,Female,4.4,7.0,6.0,5.0,4.0,YouTube,10.0,1,-1
U408,28,Male,2.6,10.0,3.0,4.0,3.0,Instagram,10.0,1,-1
U409,34,Female,5.3,6.0,6.0,6.0,4.0,TikTok,8.0,1,-1
U410,27,Female,5.2,4.0,7.0,7.0,3.0,TikTok,9.0,0,-1
U411,34,Male,3.8,7.0,6.0,7.0,5.0,TikTok,10.0,1,-1
U412,27,Male,6.5,7.0,7.0,2.0,3.0,Facebook,10.0,1,-1
U413,24,Male,8.8,5.0,9.0,0.0,3.0,YouTube,6.0,0,-1
U414,22,Female,5.9,5.0,6.0,2.0,1.0,LinkedIn,9.0,0,-1
U415,43,Male,5.8,6.0,7.0,4.0,3.0,LinkedIn,9.0,0,-1
U416,29,Female,3.8,7.0,6.0,3.0,2.0,LinkedIn,8.0,1,-1
U417,46,Male,8.0,4.0,8.0,3.0,2.0,Facebook,9.0,0,-1
U418,34,Female,5.4,4.0,5.0,4.0,4.0,X (Twitter),10.0,1,-1
U419,31,Male,4.5,8.0,5.0,0.0,4.0,Instagram,10.0,1,-1
U420,20,Male,5.6,8.0,8.0,3.0,5.0,Instagram,8.0,1,-1
U421,27,Other,6.3,4.0,9.0,5.0,5.0,TikTok,6.0,0,-1
U422,40,Female,5.8,7.0,8.0,4.0,4.0,TikTok,8.0,0,-1
U423,36,Male,7.7,5.0,8.0,4.0,0.0,LinkedIn,8.0,0,-1
U424,38,Female,6.2,7.0,6.0,6.0,5.0,LinkedIn,10.0,1,-1
U425,31,Female,5.0,7.0,6.0,3.0,4.0,TikTok,10.0,1,-1
U426,29,Female,6.2,6.0,9.0,2.0,1.0,YouTube,8.0,0,-1
U427,46,Female,6.4,6.0,8.0,5.0,4.0,X (Twitter),8.0,0,-1
U428,20,Male,3.2,7.0,5.0,5.0,1.0,X (Twitter),9.0,1,-1
U429,38,Male,7.6,6.0,9.0,4.0,3.0,X (Twitter),8.0,0,-1
U430,44,Male,5.0,6.0,5.0,3.0,1.0,X (Twitter),10.0,1,-1
U431,26,Female,5.0,6.0,6.0,3.0,1.0,TikTok,10.0,1,-1
U432,33,Female,6.9,6.0,7.0,0.0,4.0,Instagram,7.0,0,-1
U433,27,Male,6.8,5.0,8.0,5.0,4.0,TikTok,7.0,0,-1
U434,24,Male,4.2,8.0,7.0,5.0,3.0,X (Twitter),7.0,1,-1
U435,25,Female,6.9,7.0,7.0,0.0,2.0,TikTok,9.0,0,-1
U436,32,Other,4.5,8.0,5.0,5.0,0.0,X (Twitter),10.0,1,-1
U437,22,Female,8.8,2.0,9.0,4.0,2.0,Facebook,7.0,0,-1
U438,28,Male,4.0,7.0,5.0,1.0,3.0,LinkedIn,9.0,1,-1
U439,24,Male,5.9,7.0,6.0,1.0,2.0,Instagram,8.0,1,-1
U440,42,Male,4.1,6.0,6.0,4.0,2.0,Facebook,9.0,1,-1
U441,17,Female,9.5,4.0,9.0,2.0,2.0,YouTube,4.0,0,-1
U442,20,Male,3.3,8.0,4.0,7.0,2.0,TikTok,10.0,1,-1
U443,44,Female,6.4,5.0,6.0,5.0,3.0,YouTube,6.0,0,-1
U444,34,Male,4.2,8.0,4.0,4.0,2.0,TikTok,10.0,1,-1
U445,23,Female,4.9,7.0,7.0,4.0,5.0,LinkedIn,7.0,0,-1
U446,16,Female,6.3,6.0,7.0,6.0,0.0,Facebook,8.0,0,-1
U447,37,Female,7.7,4.0,8.0,5.0,2.0,LinkedIn,8.0,0,-1
U448,32,Male,8.4,5.0,9.0,4.0,1.0,X (Twitter),7.0,0,-1
U449,22,Male,2.7,6.0,6.0,1.0,3.0,LinkedIn,8.0,1,-1
U450,40,Male,6.0,4.0,6.0,9.0,3.0,LinkedIn,8.0,0,-1
U451,19,Female,8.1,5.0,9.0,1.0,5.0,X (Twitter),7.0,0,-1
U452,21,Female,2.5,9.0,3.0,2.0,5.0,TikTok,10.0,1,-1
U453,46,Female,6.1,6.0,8.0,0.0,1.0,X (Twitter),6.0,0,-1
U454,34,Female,5.5,6.0,5.0,4.0,3.0,Facebook,10.0,1,-1
U455,42,Female,6.2,6.0,6.0,3.0,3.0,LinkedIn,6.0,0,-1
U456,25,Male,4.1,6.0,5.0,5.0,1.0,X (Twitter),9.0,1,-1
U457,41,Female,2.9,8.0,3.0,0.0,3.0,LinkedIn,10.0,1,-1
U458,34,Male,2.1,9.0,4.0,5.0,2.0,Facebook,10.0,1,-1
U459,18,Male,7.3,5.0,8.0,1.0,1.0,YouTube,7.0,0,-1
U460,28,Female,7.5,6.0,8.0,3.0,2.0,Facebook,6.0,0,-1
U461,43,Male,6.0,6.0,5.0,5.0,1.0,Instagram,9.0,1,-1
U462,35,Male,4.5,7.0,8.0,4.0,4.0,Instagram,8.0,1,-1
U463,43,Female,2.6,9.0,5.0,4.0,5.0,Instagram,10.0,1,-1
U464,23,Male,6.5,5.0,10.0,5.0,3.0,LinkedIn,5.0,0,-1
U465,16,Female,3.5,8.0,5.0,4.0,3.0,TikTok,10.0,1,-1
U466,18,Male,4.2,7.0,7.0,2.0,3.0,TikTok,10.0,1,-1
U467,28,Male,4.4,7.0,7.0,3.0,4.0,TikTok,8.0,1,-1
U468,43,Male,5.1,6.0,6.0,3.0,4.0,LinkedIn,9.0,1,-1
U469,40,Male,4.1,6.0,7.0,1.0,2.0,Facebook,10.0,1,-1
U470,48,Female,5.6,6.0,6.0,5.0,3.0,TikTok,8.0,1,-1
U471,21,Male,4.4,5.0,6.0,4.0,3.0,YouTube,7.0,0,-1
U472,47,Female,6.8,5.0,4.0,3.0,1.0,Instagram,10.0,1,-1
U473,36,Female,7.4,3.0,8.0,5.0,4.0,Facebook,5.0,0,-1
U474,31,Female,5.7,7.0,5.0,3.0,5.0,Instagram,10.0,1,-1
U475,36,Female,6.3,7.0,7.0,3.0,4.0,TikTok,8.0,0,-1
U476,26,Female,9.3,3.0,8.0,2.0,1.0,Facebook,6.0,0,-1
U477,34,Male,3.4,8.0,5.0,4.0,0.0,X (Twitter),10.0,1,-1
U478,35,Male,3.3,9.0,6.0,4.0,4.0,YouTube,10.0,1,-1
U479,33,Male,6.8,6.0,8.0,2.0,1.0,TikTok,9.0,0,-1
U480,29,Female,9.0,4.0,10.0,3.0,3.0,TikTok,4.0,0,-1
U481,30,Male,5.0,7.0,8.0,2.0,5.0,YouTube,7.0,0,-1
U482,46,Female,8.6,4.0,8.0,2.0,2.0,YouTube,4.0,0,-1
U483,16,Female,5.7,6.0,6.0,0.0,2.0,X (Twitter),8.0,0,-1
U484,18,Male,4.3,7.0,7.0,3.0,3.0,TikTok,10.0,1,-1
U485,31,Female,3.7,7.0,7.0,0.0,1.0,LinkedIn,9.0,1,-1
U486,38,Male,6.6,6.0,8.0,2.0,1.0,TikTok,7.0,0,-1
U487,26,Male,3.9,8.0,5.0,2.0,3.0,Instagram,10.0,1,-1
U488,27,Female,5.6,7.0,7.0,5.0,2.0,Facebook,8.0,1,-1
U489,25,Female,8.4,5.0,9.0,1.0,3.0,Facebook,7.0,0,-1
U490,47,Female,4.9,7.0,7.0,1.0,7.0,Instagram,10.0,1,-1
U491,31,Male,7.9,5.0,8.0,2.0,3.0,Facebook,6.0,0,-1
U492,23,Male,3.3,10.0,4.0,2.0,1.0,YouTube,10.0,1,-1
U493,27,Female,4.5,5.0,7.0,6.0,5.0,Facebook,9.0,1,-1
U494,39,Female,3.0,7.0,2.0,1.0,0.0,Facebook,10.0,1,-1
U495,43,Female,5.6,8.0,6.0,2.0,0.0,Instagram,10.0,1,-1
U496,23,Male,6.9,5.0,7.0,4.0,2.0,X (Twitter),10.0,0,-1
U497,43,Female,5.6,7.0,6.0,5.0,2.0,Facebook,9.0,1,-1
U498,41,Male,7.7,5.0,7.0,2.0,2.0,LinkedIn,8.0,0,-1
U499,23,Male,4.2,9.0,7.0,0.0,2.0,Facebook,9.0,1,-1
U500,43,Female,5.9,5.0,8.0,3.0,3.0,X (Twitter),7.0,0,-1
